{
    "Ar36": {
        "error": 0.0002004804251122585, 
        "filter_outliers_dict": {
            "filter_outliers": true, 
            "iterations": 1, 
            "std_devs": 2
        }, 
        "fit": "Parabolic", 
        "value": 0.007739357581927904
    }, 
    "Ar37": {
        "error": 0.004828007403428106, 
        "filter_outliers_dict": {
            "filter_outliers": true, 
            "iterations": 1, 
            "std_devs": 2
        }, 
        "fit": "linear", 
        "value": 0.021059593903177302
    }, 
    "Ar38": {
        "error": 0.0023182592999598487, 
        "filter_outliers_dict": {
            "filter_outliers": true, 
            "iterations": 1, 
            "std_devs": 2
        }, 
        "fit": "linear", 
        "value": -0.025027773343312444
    }, 
    "Ar39": {
        "error": 0.008789245966264845, 
        "filter_outliers_dict": {
            "filter_outliers": true, 
            "iterations": 1, 
            "std_devs": 2
        }, 
        "fit": "Parabolic", 
        "value": -0.023373653841155115
    }, 
    "Ar40": {
        "error": 0.008116043018396949, 
        "filter_outliers_dict": {
            "filter_outliers": true, 
            "iterations": 1, 
            "std_devs": 2
        }, 
        "fit": "Parabolic", 
        "value": 1.6637448609514374
    }, 
    "Ar41": {
        "error": 0.0033885558921637336, 
        "filter_outliers_dict": {
            "filter_outliers": true, 
            "iterations": 1, 
            "std_devs": 2
        }, 
        "fit": "linear", 
        "value": -0.09079208492516207
    }
}