{
    "AX": {
        "error": 0.0043146721171507755, 
        "filter_outliers_dict": {
            "filter_outliers": true, 
            "iterations": 1, 
            "std_devs": 2
        }, 
        "fit": "average", 
        "value": 0.1408925308295291
    }, 
    "CDD": {
        "error": 3.5817992189153526e-06, 
        "filter_outliers_dict": {
            "filter_outliers": true, 
            "iterations": 1, 
            "std_devs": 10
        }, 
        "fit": "average", 
        "value": 1.1125882868254349e-05
    }, 
    "H1": {
        "error": 0.0034149462014520238, 
        "filter_outliers_dict": {
            "filter_outliers": true, 
            "iterations": 1, 
            "std_devs": 2
        }, 
        "fit": "average", 
        "value": 0.08175953196424993
    }, 
    "H2": {
        "error": 0.002933114979014046, 
        "filter_outliers_dict": {
            "filter_outliers": true, 
            "iterations": 1, 
            "std_devs": 2
        }, 
        "fit": "average", 
        "value": -0.08692953340121387
    }, 
    "L1": {
        "error": 0.0021448617186505424, 
        "filter_outliers_dict": {
            "filter_outliers": true, 
            "iterations": 1, 
            "std_devs": 2
        }, 
        "fit": "average", 
        "value": -0.01964906430941743
    }, 
    "L2": {
        "error": 0.004076259266930229, 
        "filter_outliers_dict": {
            "filter_outliers": true, 
            "iterations": 1, 
            "std_devs": 2
        }, 
        "fit": "average", 
        "value": -0.009345440864473562
    }
}