{
    "Ar36": {
        "error": 0.0008240718215145208, 
        "filter_outliers_dict": {
            "filter_outliers": true, 
            "iterations": 1, 
            "std_devs": 2
        }, 
        "fit": "Parabolic", 
        "value": 0.20979725278272865
    }, 
    "Ar37": {
        "error": 0.0048030560428486335, 
        "filter_outliers_dict": {
            "filter_outliers": true, 
            "iterations": 1, 
            "std_devs": 2
        }, 
        "fit": "linear", 
        "value": 0.038417256727858506
    }, 
    "Ar38": {
        "error": 0.002286544602488863, 
        "filter_outliers_dict": {
            "filter_outliers": true, 
            "iterations": 1, 
            "std_devs": 2
        }, 
        "fit": "linear", 
        "value": 0.0162087402183568
    }, 
    "Ar39": {
        "error": 0.009363732214373904, 
        "filter_outliers_dict": {
            "filter_outliers": true, 
            "iterations": 1, 
            "std_devs": 2
        }, 
        "fit": "Parabolic", 
        "value": 0.006482341986841143
    }, 
    "Ar40": {
        "error": 0.012885129581152632, 
        "filter_outliers_dict": {
            "filter_outliers": true, 
            "iterations": 1, 
            "std_devs": 2
        }, 
        "fit": "Parabolic", 
        "value": 61.70348534701948
    }, 
    "Ar41": {
        "error": 0.003929549541260446, 
        "filter_outliers_dict": {
            "filter_outliers": true, 
            "iterations": 1, 
            "std_devs": 2
        }, 
        "fit": "linear", 
        "value": -0.06974172677096739
    }
}