{
    "Ar36": {
        "error": 0.003610572408609806, 
        "filter_outliers_dict": {
            "filter_outliers": true, 
            "iterations": 1, 
            "std_devs": 2
        }, 
        "fit": "Parabolic", 
        "value": 3.3892304512240274
    }, 
    "Ar37": {
        "error": 0.005071210716337644, 
        "filter_outliers_dict": {
            "filter_outliers": true, 
            "iterations": 1, 
            "std_devs": 2
        }, 
        "fit": "linear", 
        "value": 0.019802102127028414
    }, 
    "Ar38": {
        "error": 0.002594480255196427, 
        "filter_outliers_dict": {
            "filter_outliers": true, 
            "iterations": 1, 
            "std_devs": 2
        }, 
        "fit": "linear", 
        "value": 0.6398206817259056
    }, 
    "Ar39": {
        "error": 0.009291154075061401, 
        "filter_outliers_dict": {
            "filter_outliers": true, 
            "iterations": 1, 
            "std_devs": 2
        }, 
        "fit": "Parabolic", 
        "value": -0.03347282258668672
    }, 
    "Ar40": {
        "error": 0.04417149303739551, 
        "filter_outliers_dict": {
            "filter_outliers": true, 
            "iterations": 1, 
            "std_devs": 2
        }, 
        "fit": "Parabolic", 
        "value": 995.1919121441368
    }, 
    "Ar41": {
        "error": 0.0036864965205349823, 
        "filter_outliers_dict": {
            "filter_outliers": true, 
            "iterations": 1, 
            "std_devs": 2
        }, 
        "fit": "linear", 
        "value": -0.030154988664966288
    }
}