{
    "Ar36": {
        "error": 0.0007653177836258866, 
        "filter_outliers_dict": {
            "filter_outliers": true, 
            "iterations": 1, 
            "std_devs": 2
        }, 
        "fit": "Parabolic", 
        "value": 0.20427832055458747
    }, 
    "Ar37": {
        "error": 0.004517831350402968, 
        "filter_outliers_dict": {
            "filter_outliers": true, 
            "iterations": 1, 
            "std_devs": 2
        }, 
        "fit": "linear", 
        "value": 0.035097355317157776
    }, 
    "Ar38": {
        "error": 0.002246055943081892, 
        "filter_outliers_dict": {
            "filter_outliers": true, 
            "iterations": 1, 
            "std_devs": 2
        }, 
        "fit": "linear", 
        "value": 0.017531258455688113
    }, 
    "Ar39": {
        "error": 0.008482021454630825, 
        "filter_outliers_dict": {
            "filter_outliers": true, 
            "iterations": 1, 
            "std_devs": 2
        }, 
        "fit": "Parabolic", 
        "value": 0.14745098262324727
    }, 
    "Ar40": {
        "error": 0.011582108168181197, 
        "filter_outliers_dict": {
            "filter_outliers": true, 
            "iterations": 1, 
            "std_devs": 2
        }, 
        "fit": "Parabolic", 
        "value": 60.39796626672146
    }, 
    "Ar41": {
        "error": 0.0037920711888297814, 
        "filter_outliers_dict": {
            "filter_outliers": true, 
            "iterations": 1, 
            "std_devs": 2
        }, 
        "fit": "linear", 
        "value": -0.07237132200591015
    }
}